u30a2	mihail-jp_mingkana-u30a2
u30a4	mihail-jp_mingkana-u30a4
u30a6	mihail-jp_mingkana-u30a6
u30a8	mihail-jp_mingkana-u30a8
u30aa	mihail-jp_mingkana-u30aa
u30ab	mihail-jp_mingkana-u30ab
u30ad	mihail-jp_mingkana-u30ad
u30af	mihail-jp_mingkana-u30af
u30b1	mihail-jp_mingkana-u30b1
u30b3	mihail-jp_mingkana-u30b3
u30b5	mihail-jp_mingkana-u30b5
u30b7	mihail-jp_mingkana-u30b7
u30b9	mihail-jp_mingkana-u30b9
u30bb	mihail-jp_mingkana-u30bb
u30bd	mihail-jp_mingkana-u30bd
u30bf	mihail-jp_mingkana-u30bf
u30c1	mihail-jp_mingkana-u30c1
u30c4	mihail-jp_mingkana-u30c4
u30c6	mihail-jp_mingkana-u30c6
u30c8	mihail-jp_mingkana-u30c8
u30ca	mihail-jp_mingkana-u30ca
u30cb	mihail-jp_mingkana-u30cb
u30cc	mihail-jp_mingkana-u30cc
u30cd	mihail-jp_mingkana-u30cd
u30ce	mihail-jp_mingkana-u30ce
u30cf	mihail-jp_mingkana-u30cf
u30d2	mihail-jp_mingkana-u30d2
u30d5	mihail-jp_mingkana-u30d5
u30d8	mihail-jp_mingkana-u30d8
u30db	mihail-jp_mingkana-u30db
u30de	mihail-jp_mingkana-u30de
u30df	mihail-jp_mingkana-u30df
u30e0	mihail-jp_mingkana-u30e0
u30e1	mihail-jp_mingkana-u30e1
u30e2	mihail-jp_mingkana-u30e2
u30e4	mihail-jp_mingkana-u30e4
u30e6	mihail-jp_mingkana-u30e6
u30e8	mihail-jp_mingkana-u30e8
u30e9	mihail-jp_mingkana-u30e9
u30ea	mihail-jp_mingkana-u30ea
u30eb	mihail-jp_mingkana-u30eb
u30ec	mihail-jp_mingkana-u30ec
u30ed	mihail-jp_mingkana-u30ed
u30ef	mihail-jp_mingkana-u30ef
u30f0	mihail-jp_mingkana-u30f0
u30f1	mihail-jp_mingkana-u30f1
u30f2	mihail-jp_mingkana-u30f2
u30f3	mihail-jp_mingkana-u30f3
u30fc	mihail-jp_mingkana-u30fc
u30fd	mihail-jp_mingkana-u30fd
